<?xml version="1.0"?>
<Actions>
	<!-- MENU ACTIONS (No device filter - work on controller selection) -->
	<Action id="menuDiscoverCameras">
		<Name>Discover Camera Devices</Name>
		<CallbackMethod>menuDiscoverCameras</CallbackMethod>
		<ConfigUI>
			<Field id="controllerId" type="menu">
				<Label>UniFi Controller:</Label>
				<List class="self" filter="" method="getControllerList"/>
			</Field>
		</ConfigUI>
	</Action>

	<Action id="menuDiscoverNetworkDevices">
		<Name>Discover Network Devices</Name>
		<CallbackMethod>menuDiscoverNetworkDevices</CallbackMethod>
		<ConfigUI>
			<Field id="controllerId" type="menu">
				<Label>UniFi Controller:</Label>
				<List class="self" filter="" method="getControllerList"/>
			</Field>
		</ConfigUI>
	</Action>

	<!-- CONTROLLER ACTIONS -->
	<Action id="restartController" deviceFilter="self.unifiController">
		<Name>Restart Controller</Name>
		<CallbackMethod>actionRestartController</CallbackMethod>
	</Action>

	<Action id="discoverAllClients" deviceFilter="self.unifiController">
		<Name>Create All Clients</Name>
		<CallbackMethod>actionDiscoverAllClients</CallbackMethod>
		<ConfigUI>
			<Field id="minLastSeen" type="menu" defaultValue="30">
				<Label>Only include clients seen within:</Label>
				<List>
					<Option value="0">Any time (all clients)</Option>
					<Option value="1">Last 24 hours</Option>
					<Option value="7">Last 7 days</Option>
					<Option value="30">Last 30 days</Option>
					<Option value="90">Last 90 days</Option>
				</List>
			</Field>
		</ConfigUI>
	</Action>

	<Action id="discoverUnknownClients" deviceFilter="self.unifiController">
		<Name>Create Unknown Clients</Name>
		<CallbackMethod>actionDiscoverUnknownClients</CallbackMethod>
		<ConfigUI>
			<Field id="helpText" type="label" fontSize="small" fontColor="darkgray">
				<Label>Creates devices for unknown clients (guests) that haven't been auto-created. Will not recreate previously deleted clients.</Label>
			</Field>
		</ConfigUI>
	</Action>

	<Action id="removeMissingClients" deviceFilter="self.unifiController">
		<Name>Remove Missing Clients</Name>
		<CallbackMethod>actionRemoveMissingClients</CallbackMethod>
		<ConfigUI>
			<Field id="helpText" type="label" fontSize="small" fontColor="darkgray">
				<Label>Removes client devices that no longer exist on the UniFi controller. Use this to clean up old/stale devices.</Label>
			</Field>
		</ConfigUI>
	</Action>

	<!-- CAMERA ACTIONS -->
	<Action id="setCameraRecordingMode" deviceFilter="self.protectCamera">
		<Name>Set Recording Mode</Name>
		<CallbackMethod>actionSetRecordingMode</CallbackMethod>
		<ConfigUI>
			<Field id="recordingMode" type="menu" defaultValue="always">
				<Label>Recording Mode:</Label>
				<List>
					<Option value="always">Always</Option>
					<Option value="detections">Detections Only</Option>
					<Option value="never">Never</Option>
				</List>
			</Field>
		</ConfigUI>
	</Action>

	<Action id="setCameraIRMode" deviceFilter="self.protectCamera">
		<Name>Set IR Mode</Name>
		<CallbackMethod>actionSetIRMode</CallbackMethod>
		<ConfigUI>
			<Field id="irMode" type="menu" defaultValue="auto">
				<Label>IR Mode:</Label>
				<List>
					<Option value="auto">Auto</Option>
					<Option value="on">Always On</Option>
					<Option value="off">Always Off</Option>
					<Option value="autoFilterOnly">Auto (Filter Only)</Option>
				</List>
			</Field>
		</ConfigUI>
	</Action>

	<Action id="setCameraStatusLight" deviceFilter="self.protectCamera">
		<Name>Set Status Light</Name>
		<CallbackMethod>actionSetStatusLight</CallbackMethod>
		<ConfigUI>
			<Field id="enabled" type="checkbox" defaultValue="true">
				<Label>Enable Status Light:</Label>
			</Field>
		</ConfigUI>
	</Action>

	<Action id="setCameraOverlays" deviceFilter="self.protectCamera">
		<Name>Set Overlay Settings</Name>
		<CallbackMethod>actionSetOverlays</CallbackMethod>
		<ConfigUI>
			<Field id="showName" type="checkbox" defaultValue="true">
				<Label>Show Name:</Label>
			</Field>
			<Field id="showDate" type="checkbox" defaultValue="true">
				<Label>Show Date:</Label>
			</Field>
			<Field id="showLogo" type="checkbox" defaultValue="false">
				<Label>Show Logo:</Label>
			</Field>
		</ConfigUI>
	</Action>

	<Action id="setCameraStatusMessage" deviceFilter="self.protectCamera">
		<Name>Set Status Message</Name>
		<CallbackMethod>actionSetStatusMessage</CallbackMethod>
		<ConfigUI>
			<Field id="message" type="textfield">
				<Label>Status Message:</Label>
			</Field>
		</ConfigUI>
	</Action>

	<Action id="enableCameraDetections" deviceFilter="self.protectCamera">
		<Name>Enable Detection Types</Name>
		<CallbackMethod>actionEnableDetections</CallbackMethod>
		<ConfigUI>
			<Field id="motion" type="checkbox" defaultValue="true">
				<Label>Motion:</Label>
			</Field>
		</ConfigUI>
	</Action>

	<Action id="rebootCamera" deviceFilter="self.protectCamera">
		<Name>Reboot Camera</Name>
		<CallbackMethod>actionRebootCamera</CallbackMethod>
	</Action>

	<Action id="takeSnapshot" deviceFilter="self.protectCamera">
		<Name>Take Snapshot</Name>
		<CallbackMethod>actionTakeSnapshot</CallbackMethod>
		<ConfigUI>
			<Field id="savePath" type="textfield">
				<Label>Save Path (optional):</Label>
			</Field>
		</ConfigUI>
	</Action>

	<!-- NETWORK DEVICE ACTIONS -->
	<Action id="restartDevice" deviceFilter="self.networkDevice">
		<Name>Restart Device</Name>
		<CallbackMethod>actionRestartDevice</CallbackMethod>
	</Action>

	<Action id="disableDevice" deviceFilter="self.networkDevice">
		<Name>Disable Device</Name>
		<CallbackMethod>actionDisableDevice</CallbackMethod>
	</Action>

	<Action id="enableDevice" deviceFilter="self.networkDevice">
		<Name>Enable Device</Name>
		<CallbackMethod>actionEnableDevice</CallbackMethod>
	</Action>

	<Action id="toggleDevice" deviceFilter="self.networkDevice">
		<Name>Toggle Device (Enable/Disable)</Name>
		<CallbackMethod>actionToggleDevice</CallbackMethod>
	</Action>

	<Action id="setDeviceLED" deviceFilter="self.networkDevice">
		<Name>Set Device LED</Name>
		<CallbackMethod>actionSetDeviceLED</CallbackMethod>
		<ConfigUI>
			<Field id="enabled" type="checkbox" defaultValue="true">
				<Label>Enable LED:</Label>
			</Field>
		</ConfigUI>
	</Action>

	<Action id="toggleDeviceLED" deviceFilter="self.networkDevice">
		<Name>Toggle Device LED</Name>
		<CallbackMethod>actionToggleDeviceLED</CallbackMethod>
	</Action>

	<Action id="locateDevice" deviceFilter="self.networkDevice">
		<Name>Locate Device (Flash LEDs)</Name>
		<CallbackMethod>actionLocateDevice</CallbackMethod>
	</Action>

	<!-- PORT ACTIONS -->
	<Action id="enablePort" deviceFilter="self.unifiPort">
		<Name>Enable Port</Name>
		<CallbackMethod>actionEnablePort</CallbackMethod>
	</Action>

	<Action id="disablePort" deviceFilter="self.unifiPort">
		<Name>Disable Port</Name>
		<CallbackMethod>actionDisablePort</CallbackMethod>
	</Action>

	<Action id="cyclePort" deviceFilter="self.unifiPort">
		<Name>Cycle Port (Power Cycle)</Name>
		<CallbackMethod>actionCyclePort</CallbackMethod>
	</Action>

	<Action id="setPoeMode" deviceFilter="self.unifiPort">
		<Name>Set PoE Mode</Name>
		<CallbackMethod>actionSetPoeMode</CallbackMethod>
		<ConfigUI>
			<Field id="poeMode" type="menu" defaultValue="auto">
				<Label>PoE Mode:</Label>
				<List>
					<Option value="off">Off</Option>
					<Option value="auto">Auto (802.3af/at/bt)</Option>
					<Option value="pasv24">Passive 24V</Option>
					<Option value="passthrough">Passthrough</Option>
				</List>
			</Field>
		</ConfigUI>
	</Action>

	<!-- CLIENT DISCOVERY ACTIONS -->
	<Action id="menuDiscoverAllClients">
		<Name>Create All Clients</Name>
		<CallbackMethod>menuDiscoverAllClients</CallbackMethod>
		<ConfigUI>
			<Field id="controllerId" type="menu">
				<Label>UniFi Controller:</Label>
				<List class="self" filter="" method="getControllerList"/>
			</Field>
			<Field id="minLastSeen" type="menu" defaultValue="30">
				<Label>Only include clients seen within:</Label>
				<List>
					<Option value="0">Any time (all clients)</Option>
					<Option value="1">Last 24 hours</Option>
					<Option value="7">Last 7 days</Option>
					<Option value="30">Last 30 days</Option>
					<Option value="90">Last 90 days</Option>
				</List>
			</Field>
		</ConfigUI>
	</Action>

	<Action id="menuDiscoverUnknownClients">
		<Name>Create Unknown Clients</Name>
		<CallbackMethod>menuDiscoverUnknownClients</CallbackMethod>
		<ConfigUI>
			<Field id="controllerId" type="menu">
				<Label>UniFi Controller:</Label>
				<List class="self" filter="" method="getControllerList"/>
			</Field>
			<Field id="helpText" type="label" fontSize="small" fontColor="darkgray">
				<Label>Creates devices for unknown clients (guests) that haven't been auto-created. Will not recreate previously deleted clients.</Label>
			</Field>
		</ConfigUI>
	</Action>

	<Action id="menuRemoveMissingClients">
		<Name>Remove Missing Clients</Name>
		<CallbackMethod>menuRemoveMissingClients</CallbackMethod>
		<ConfigUI>
			<Field id="controllerId" type="menu">
				<Label>UniFi Controller:</Label>
				<List class="self" filter="" method="getControllerList"/>
			</Field>
			<Field id="helpText" type="label" fontSize="small" fontColor="darkgray">
				<Label>Removes client devices that no longer exist on the UniFi controller. Use this to clean up old/stale devices.</Label>
			</Field>
		</ConfigUI>
	</Action>

	<!-- CLIENT DEVICE ACTIONS -->
	<Action id="blockClient" deviceFilter="self.clientDevice">
		<Name>Block Client</Name>
		<CallbackMethod>actionBlockClient</CallbackMethod>
	</Action>

	<Action id="unblockClient" deviceFilter="self.clientDevice">
		<Name>Unblock Client</Name>
		<CallbackMethod>actionUnblockClient</CallbackMethod>
	</Action>

	<Action id="reconnectClient" deviceFilter="self.clientDevice">
		<Name>Reconnect Client</Name>
		<CallbackMethod>actionReconnectClient</CallbackMethod>
		<ConfigUI>
			<Field id="helpText" type="label" fontSize="small" fontColor="darkgray">
				<Label>Forces the client to disconnect and reconnect (kicks client from network temporarily).</Label>
			</Field>
		</ConfigUI>
	</Action>
</Actions>
