<?xml version="1.0"?>
<Devices>
	<!-- UNIFI CONTROLLER DEVICE -->
	<Device type="custom" id="unifiController">
		<Name>UniFi Controller</Name>
		<ConfigUI>
			<!-- Authentication -->
			<Field id="label1" type="label">
				<Label>═══ Authentication ═══</Label>
			</Field>
			<Field id="address" type="textfield">
				<Label>Controller IP Address:</Label>
			</Field>
			<Field id="port" type="textfield" defaultValue="443">
				<Label>Port:</Label>
			</Field>
			<Field id="username" type="textfield">
				<Label>Username:</Label>
			</Field>
			<Field id="password" type="textfield" secure="true">
				<Label>Password:</Label>
			</Field>
			<Field id="verifySSL" type="checkbox" defaultValue="false">
				<Label>Verify SSL Certificate:</Label>
			</Field>
			
			<!-- Feature Toggles -->
			<Field id="separator1" type="separator"/>
			<Field id="label2" type="label">
				<Label>═══ Features ═══</Label>
			</Field>
			<Field id="enableProtect" type="checkbox" defaultValue="true">
				<Label>Enable UniFi Protect:</Label>
			</Field>
			<Field id="enableNetwork" type="checkbox" defaultValue="true">
				<Label>Enable UniFi Network:</Label>
			</Field>
			
			<!-- WebSocket Options -->
			<Field id="separator1b" type="separator"/>
			<Field id="label2b" type="label">
				<Label>═══ WebSocket Options (Real-Time Updates) ═══</Label>
			</Field>
			<Field id="enableProtectWebSocket" type="checkbox" defaultValue="false" visibleBindingId="enableProtect" visibleBindingValue="true">
				<Label>Enable Protect WebSocket (experimental):</Label>
			</Field>
			<Field id="enableNetworkWebSocket" type="checkbox" defaultValue="true" visibleBindingId="enableNetwork" visibleBindingValue="true">
				<Label>Enable Network WebSocket:</Label>
			</Field>
			
			<!-- Protect Section -->
			<Field id="separator2" type="separator" visibleBindingId="enableProtect" visibleBindingValue="true"/>
			<Field id="label3" type="label" visibleBindingId="enableProtect" visibleBindingValue="true">
				<Label>═══ UniFi Protect ═══</Label>
			</Field>
			<Field id="createCamerasButton" type="button" visibleBindingId="enableProtect" visibleBindingValue="true">
				<Label>Create Camera Devices:</Label>
				<Title>Discover and Create Cameras</Title>
				<CallbackMethod>createCameraDevices</CallbackMethod>
			</Field>
			
			<!-- Network Section -->
			<Field id="separator3" type="separator" visibleBindingId="enableNetwork" visibleBindingValue="true"/>
			<Field id="label4" type="label" visibleBindingId="enableNetwork" visibleBindingValue="true">
				<Label>═══ UniFi Network ═══</Label>
			</Field>
			<Field id="createNetworkDevicesButton" type="button" visibleBindingId="enableNetwork" visibleBindingValue="true">
				<Label>Create UniFi Devices:</Label>
				<Title>Discover and Create Devices</Title>
				<CallbackMethod>createNetworkDevices</CallbackMethod>
			</Field>
			<Field id="deviceNameSuffix" type="textfield" defaultValue=" (UniFi Network)" visibleBindingId="enableNetwork" visibleBindingValue="true">
				<Label>Device name suffix:</Label>
			</Field>
		</ConfigUI>
		<States>
			<!-- Basic states -->
			<State id="status">
				<ValueType>String</ValueType>
				<TriggerLabel>Status</TriggerLabel>
				<ControlPageLabel>Status</ControlPageLabel>
			</State>
			<State id="connected">
				<ValueType>Boolean</ValueType>
				<TriggerLabel>Connected</TriggerLabel>
				<ControlPageLabel>Connected</ControlPageLabel>
			</State>
			<State id="uptime">
				<ValueType>String</ValueType>
				<TriggerLabel>Uptime</TriggerLabel>
				<ControlPageLabel>Uptime</ControlPageLabel>
			</State>
			<State id="cpuUsage">
				<ValueType>Number</ValueType>
				<TriggerLabel>CPU Usage</TriggerLabel>
				<ControlPageLabel>CPU Usage</ControlPageLabel>
			</State>
			<State id="memoryUsage">
				<ValueType>Number</ValueType>
				<TriggerLabel>Memory Usage</TriggerLabel>
				<ControlPageLabel>Memory Usage</ControlPageLabel>
			</State>
			
			<!-- Protect states -->
			<State id="protectVersion">
				<ValueType>String</ValueType>
				<TriggerLabel>Protect Version</TriggerLabel>
				<ControlPageLabel>Protect Version</ControlPageLabel>
			</State>
			<State id="cameraCount">
				<ValueType>Number</ValueType>
				<TriggerLabel>Camera Count</TriggerLabel>
				<ControlPageLabel>Camera Count</ControlPageLabel>
			</State>
			<State id="storageUsed">
				<ValueType>Number</ValueType>
				<TriggerLabel>Storage Used</TriggerLabel>
				<ControlPageLabel>Storage Used (GB)</ControlPageLabel>
			</State>
			<State id="storageTotal">
				<ValueType>Number</ValueType>
				<TriggerLabel>Storage Total</TriggerLabel>
				<ControlPageLabel>Storage Total (GB)</ControlPageLabel>
			</State>
			
			<!-- Network states -->
			<State id="networkDeviceCount">
				<ValueType>Number</ValueType>
				<TriggerLabel>Network Device Count</TriggerLabel>
				<ControlPageLabel>Network Device Count</ControlPageLabel>
			</State>
			<State id="switchCount">
				<ValueType>Number</ValueType>
				<TriggerLabel>Switch Count</TriggerLabel>
				<ControlPageLabel>Switches</ControlPageLabel>
			</State>
			<State id="apCount">
				<ValueType>Number</ValueType>
				<TriggerLabel>Access Point Count</TriggerLabel>
				<ControlPageLabel>Access Points</ControlPageLabel>
			</State>
			<State id="gatewayCount">
				<ValueType>Number</ValueType>
				<TriggerLabel>Gateway Count</TriggerLabel>
				<ControlPageLabel>Gateways</ControlPageLabel>
			</State>
		</States>
		<UiDisplayStateId>status</UiDisplayStateId>
	</Device>

	<!-- PROTECT CAMERA DEVICE -->
	<Device type="sensor" id="protectCamera">
		<Name>UniFi Protect Camera</Name>
		<ConfigUI>
			<Field id="SupportsOnState" type="checkbox" defaultValue="true" hidden="true" />
			<Field id="SupportsSensorValue" type="checkbox" defaultValue="false" hidden="true" />
			<Field id="controllerId" type="menu">
				<Label>UniFi Controller:</Label>
				<List class="self" filter="" method="getControllerList"/>
			</Field>
			<Field id="cameraId" type="textfield">
				<Label>Camera ID:</Label>
			</Field>
			<Field id="cameraName" type="textfield">
				<Label>Camera Name:</Label>
			</Field>
		</ConfigUI>
		<States>
			<!-- Primary sensor state -->
			<State id="onOffState">
				<ValueType>Boolean</ValueType>
				<TriggerLabel>Motion Detected</TriggerLabel>
				<ControlPageLabel>Motion</ControlPageLabel>
			</State>
			
			<!-- Status -->
			<State id="status">
				<ValueType>String</ValueType>
				<TriggerLabel>Status</TriggerLabel>
				<ControlPageLabel>Status</ControlPageLabel>
			</State>
			<State id="isConnected">
				<ValueType>Boolean</ValueType>
				<TriggerLabel>Connected</TriggerLabel>
				<ControlPageLabel>Connected</ControlPageLabel>
			</State>
			
			<!-- Detection states -->
			<State id="motionDetected">
				<ValueType>Boolean</ValueType>
				<TriggerLabel>Motion Detected</TriggerLabel>
				<ControlPageLabel>Motion Detected</ControlPageLabel>
			</State>
			<State id="lastMotion">
				<ValueType>String</ValueType>
				<TriggerLabel>Last Motion</TriggerLabel>
				<ControlPageLabel>Last Motion</ControlPageLabel>
			</State>
			<State id="personDetected">
				<ValueType>Boolean</ValueType>
				<TriggerLabel>Person Detected</TriggerLabel>
				<ControlPageLabel>Person Detected</ControlPageLabel>
			</State>
			<State id="lastPersonDetection">
				<ValueType>String</ValueType>
				<TriggerLabel>Last Person Detection</TriggerLabel>
				<ControlPageLabel>Last Person Detection</ControlPageLabel>
			</State>
			<State id="vehicleDetected">
				<ValueType>Boolean</ValueType>
				<TriggerLabel>Vehicle Detected</TriggerLabel>
				<ControlPageLabel>Vehicle Detected</ControlPageLabel>
			</State>
			<State id="packageDetected">
				<ValueType>Boolean</ValueType>
				<TriggerLabel>Package Detected</TriggerLabel>
				<ControlPageLabel>Package Detected</ControlPageLabel>
			</State>
			
			<!-- Doorbell states -->
			<State id="doorbellRinging">
				<ValueType>Boolean</ValueType>
				<TriggerLabel>Doorbell Ringing</TriggerLabel>
				<ControlPageLabel>Doorbell Ringing</ControlPageLabel>
			</State>
			<State id="lastDoorbellRing">
				<ValueType>String</ValueType>
				<TriggerLabel>Last Doorbell Ring</TriggerLabel>
				<ControlPageLabel>Last Doorbell Ring</ControlPageLabel>
			</State>
			
			<!-- Camera properties -->
			<State id="isDark">
				<ValueType>Boolean</ValueType>
				<TriggerLabel>Is Dark</TriggerLabel>
				<ControlPageLabel>Is Dark</ControlPageLabel>
			</State>
			<State id="voltage">
				<ValueType>Number</ValueType>
				<TriggerLabel>Voltage</TriggerLabel>
				<ControlPageLabel>Voltage</ControlPageLabel>
			</State>
			<State id="recordingMode">
				<ValueType>String</ValueType>
				<TriggerLabel>Recording Mode</TriggerLabel>
				<ControlPageLabel>Recording Mode</ControlPageLabel>
			</State>
			<State id="irMode">
				<ValueType>String</ValueType>
				<TriggerLabel>IR Mode</TriggerLabel>
				<ControlPageLabel>IR Mode</ControlPageLabel>
			</State>
			<State id="statusLight">
				<ValueType>Boolean</ValueType>
				<TriggerLabel>Status Light</TriggerLabel>
				<ControlPageLabel>Status Light</ControlPageLabel>
			</State>
			
			<!-- Network -->
			<State id="ipAddress">
				<ValueType>String</ValueType>
				<TriggerLabel>IP Address</TriggerLabel>
				<ControlPageLabel>IP Address</ControlPageLabel>
			</State>
			<State id="macAddress">
				<ValueType>String</ValueType>
				<TriggerLabel>MAC Address</TriggerLabel>
				<ControlPageLabel>MAC Address</ControlPageLabel>
			</State>
			<State id="linkSpeed">
				<ValueType>Number</ValueType>
				<TriggerLabel>Link Speed</TriggerLabel>
				<ControlPageLabel>Link Speed (Mbps)</ControlPageLabel>
			</State>
			<State id="uptime">
				<ValueType>String</ValueType>
				<TriggerLabel>Uptime</TriggerLabel>
				<ControlPageLabel>Uptime</ControlPageLabel>
			</State>
			
			<!-- RTSP URLs -->
			<State id="rtspUrlHigh">
				<ValueType>String</ValueType>
				<TriggerLabel>RTSP URL (High)</TriggerLabel>
				<ControlPageLabel>RTSP URL (High)</ControlPageLabel>
			</State>
			<State id="rtspUrlMedium">
				<ValueType>String</ValueType>
				<TriggerLabel>RTSP URL (Medium)</TriggerLabel>
				<ControlPageLabel>RTSP URL (Medium)</ControlPageLabel>
			</State>
			<State id="rtspUrlLow">
				<ValueType>String</ValueType>
				<TriggerLabel>RTSP URL (Low)</TriggerLabel>
				<ControlPageLabel>RTSP URL (Low)</ControlPageLabel>
			</State>
			<State id="snapshotUrl">
				<ValueType>String</ValueType>
				<TriggerLabel>Snapshot URL</TriggerLabel>
				<ControlPageLabel>Snapshot URL</ControlPageLabel>
			</State>
			
			<!-- Firmware and model -->
			<State id="firmwareVersion">
				<ValueType>String</ValueType>
				<TriggerLabel>Firmware Version</TriggerLabel>
				<ControlPageLabel>Firmware</ControlPageLabel>
			</State>
			<State id="model">
				<ValueType>String</ValueType>
				<TriggerLabel>Model</TriggerLabel>
				<ControlPageLabel>Model</ControlPageLabel>
			</State>
		</States>
		<UiDisplayStateId>status</UiDisplayStateId>
	</Device>

	<!-- NETWORK DEVICE (Switch/AP/Gateway) -->
	<Device type="relay" id="networkDevice">
		<Name>UniFi Network Device</Name>
		<ConfigUI>
			<Field id="SupportsOnState" type="checkbox" defaultValue="true" hidden="true" />
			<Field id="SupportsStatusRequest" type="checkbox" defaultValue="true" hidden="true" />
			<Field id="controllerId" type="menu">
				<Label>UniFi Controller:</Label>
				<List class="self" filter="" method="getControllerList"/>
			</Field>
			<Field id="deviceMac" type="textfield">
				<Label>Device MAC:</Label>
			</Field>
			<Field id="deviceName" type="textfield">
				<Label>Device Name:</Label>
			</Field>
			<Field id="deviceType" type="textfield">
				<Label>Device Type:</Label>
			</Field>
			<Field id="separator1" type="separator"/>
			<Field id="createPortsButton" type="button">
				<Label></Label>
				<Title>Create All Port Devices</Title>
				<CallbackMethod>createPortDevices</CallbackMethod>
			</Field>
			<Field id="portHelp" type="label" fontSize="small" fontColor="darkgray">
				<Label>Creates an Indigo device for each physical port on this switch. Only creates ports that don't already exist.</Label>
			</Field>
		</ConfigUI>
		<States>
			<!-- Primary on/off state -->
			<State id="onOffState">
				<ValueType>Boolean</ValueType>
				<TriggerLabel>Device Enabled</TriggerLabel>
				<ControlPageLabel>Enabled</ControlPageLabel>
			</State>
			
			<!-- Status -->
			<State id="status">
				<ValueType>String</ValueType>
				<TriggerLabel>Status</TriggerLabel>
				<ControlPageLabel>Status</ControlPageLabel>
			</State>
			<State id="isConnected">
				<ValueType>Boolean</ValueType>
				<TriggerLabel>Connected</TriggerLabel>
				<ControlPageLabel>Connected</ControlPageLabel>
			</State>
			<State id="adopted">
				<ValueType>Boolean</ValueType>
				<TriggerLabel>Adopted</TriggerLabel>
				<ControlPageLabel>Adopted</ControlPageLabel>
			</State>
			<State id="disabled">
				<ValueType>Boolean</ValueType>
				<TriggerLabel>Disabled</TriggerLabel>
				<ControlPageLabel>Disabled</ControlPageLabel>
			</State>
			
			<!-- Device info -->
			<State id="deviceName">
				<ValueType>String</ValueType>
				<TriggerLabel>Device Name</TriggerLabel>
				<ControlPageLabel>Name</ControlPageLabel>
			</State>
			<State id="deviceType">
				<ValueType>String</ValueType>
				<TriggerLabel>Device Type</TriggerLabel>
				<ControlPageLabel>Type</ControlPageLabel>
			</State>
			<State id="model">
				<ValueType>String</ValueType>
				<TriggerLabel>Model</TriggerLabel>
				<ControlPageLabel>Model</ControlPageLabel>
			</State>
			<State id="firmwareVersion">
				<ValueType>String</ValueType>
				<TriggerLabel>Firmware Version</TriggerLabel>
				<ControlPageLabel>Firmware</ControlPageLabel>
			</State>
			<State id="updateAvailable">
				<ValueType>Boolean</ValueType>
				<TriggerLabel>Update Available</TriggerLabel>
				<ControlPageLabel>Update Available</ControlPageLabel>
			</State>
			
			<!-- Network -->
			<State id="ipAddress">
				<ValueType>String</ValueType>
				<TriggerLabel>IP Address</TriggerLabel>
				<ControlPageLabel>IP Address</ControlPageLabel>
			</State>
			<State id="macAddress">
				<ValueType>String</ValueType>
				<TriggerLabel>MAC Address</TriggerLabel>
				<ControlPageLabel>MAC Address</ControlPageLabel>
			</State>
			<State id="uptime">
				<ValueType>String</ValueType>
				<TriggerLabel>Uptime</TriggerLabel>
				<ControlPageLabel>Uptime</ControlPageLabel>
			</State>
			<State id="uptimeSeconds">
				<ValueType>Number</ValueType>
				<TriggerLabel>Uptime (Seconds)</TriggerLabel>
				<ControlPageLabel>Uptime (Seconds)</ControlPageLabel>
			</State>
			
			<!-- System stats -->
			<State id="cpuUsage">
				<ValueType>Number</ValueType>
				<TriggerLabel>CPU Usage</TriggerLabel>
				<ControlPageLabel>CPU %</ControlPageLabel>
			</State>
			<State id="memoryUsage">
				<ValueType>Number</ValueType>
				<TriggerLabel>Memory Usage</TriggerLabel>
				<ControlPageLabel>Memory %</ControlPageLabel>
			</State>
			<State id="temperature">
				<ValueType>Number</ValueType>
				<TriggerLabel>Temperature</TriggerLabel>
				<ControlPageLabel>Temperature (°C)</ControlPageLabel>
			</State>
			
			<!-- LED states -->
			<State id="ledEnabled">
				<ValueType>Boolean</ValueType>
				<TriggerLabel>LED Enabled</TriggerLabel>
				<ControlPageLabel>LED Enabled</ControlPageLabel>
			</State>
			<State id="ledOverride">
				<ValueType>String</ValueType>
				<TriggerLabel>LED Override</TriggerLabel>
				<ControlPageLabel>LED Override</ControlPageLabel>
			</State>
			
			<!-- Switch-specific -->
			<State id="portCount">
				<ValueType>Number</ValueType>
				<TriggerLabel>Port Count</TriggerLabel>
				<ControlPageLabel>Ports</ControlPageLabel>
			</State>
			<State id="poeConsumption">
				<ValueType>Number</ValueType>
				<TriggerLabel>PoE Consumption</TriggerLabel>
				<ControlPageLabel>PoE (Watts)</ControlPageLabel>
			</State>
			
			<!-- AP-specific -->
			<State id="connectedClients">
				<ValueType>Number</ValueType>
				<TriggerLabel>Connected Clients</TriggerLabel>
				<ControlPageLabel>Clients</ControlPageLabel>
			</State>
			<State id="guestClients">
				<ValueType>Number</ValueType>
				<TriggerLabel>Guest Clients</TriggerLabel>
				<ControlPageLabel>Guest Clients</ControlPageLabel>
			</State>
			<State id="userClients">
				<ValueType>Number</ValueType>
				<TriggerLabel>User Clients</TriggerLabel>
				<ControlPageLabel>User Clients</ControlPageLabel>
			</State>
			<State id="satisfaction">
				<ValueType>Number</ValueType>
				<TriggerLabel>Satisfaction</TriggerLabel>
				<ControlPageLabel>Satisfaction</ControlPageLabel>
			</State>
			<State id="channel2G">
				<ValueType>Number</ValueType>
				<TriggerLabel>2.4GHz Channel</TriggerLabel>
				<ControlPageLabel>2.4GHz Channel</ControlPageLabel>
			</State>
			<State id="channel5G">
				<ValueType>Number</ValueType>
				<TriggerLabel>5GHz Channel</TriggerLabel>
				<ControlPageLabel>5GHz Channel</ControlPageLabel>
			</State>
		</States>
		<UiDisplayStateId>status</UiDisplayStateId>
	</Device>

	<!-- UNIFI PORT DEVICE -->
	<Device type="relay" id="unifiPort">
		<Name>UniFi Port</Name>
			<Field id="SupportsOnState" type="checkbox" defaultValue="true" hidden="true" />
			<Field id="SupportsStatusRequest" type="checkbox" defaultValue="true" hidden="true" />
		<ConfigUI>
			<Field id="label1" type="label">
				<Label>═══ Port Configuration ═══</Label>
			</Field>
			<Field id="parentDevice" type="menu">
				<Label>Parent Switch:</Label>
				<List class="self" filter="" method="getNetworkDeviceList"/>
			</Field>
			<Field id="portNumber" type="menu">
				<Label>Port Number:</Label>
				<List class="self" filter="" method="getPortList"/>
			</Field>
			<Field id="helpLabel" type="label" fontSize="small" fontColor="darkgray">
				<Label>Select the switch and port number for this device. Port states will update automatically.</Label>
			</Field>
			
			<Field id="label2" type="label">
				<Label>═══ Control Mode ═══</Label>
			</Field>
			<Field id="controlMode" type="menu" defaultValue="poe">
				<Label>Device Controls:</Label>
				<List>
					<Option value="poe">PoE Control (On/Off toggles PoE)</Option>
					<Option value="reboot">PoE Reboot (Off button power cycles)</Option>
					<Option value="port">Port Active/Inactive (On/Off toggles port)</Option>
				</List>
			</Field>
			<Field id="modeHelp" type="label" fontSize="small" fontColor="darkgray">
				<Label>• PoE Control: Device state shows PoE enabled/disabled
• PoE Reboot: Off button uses UniFi power-cycle command (instant reboot)
• Port Active: Device state shows port enabled/disabled (affects all traffic)</Label>
			</Field>
		</ConfigUI>
		<States>
			<!-- Port identity -->
			<State id="portNumber">
				<ValueType>Number</ValueType>
				<TriggerLabel>Port Number</TriggerLabel>
				<ControlPageLabel>Port</ControlPageLabel>
			</State>
			<State id="portName">
				<ValueType>String</ValueType>
				<TriggerLabel>Port Name</TriggerLabel>
				<ControlPageLabel>Port Name</ControlPageLabel>
			</State>
			<State id="portIdx">
				<ValueType>Number</ValueType>
				<TriggerLabel>Port Index</TriggerLabel>
				<ControlPageLabel>Port Index</ControlPageLabel>
			</State>
			
			<!-- Port status -->
			<State id="enabled">
				<ValueType>Boolean</ValueType>
				<TriggerLabel>Port Enabled</TriggerLabel>
				<ControlPageLabel>Enabled</ControlPageLabel>
			</State>
			<State id="up">
				<ValueType>Boolean</ValueType>
				<TriggerLabel>Link Up</TriggerLabel>
				<ControlPageLabel>Link Up</ControlPageLabel>
			</State>
			<State id="speed">
				<ValueType>Number</ValueType>
				<TriggerLabel>Speed</TriggerLabel>
				<ControlPageLabel>Speed (Mbps)</ControlPageLabel>
			</State>
			<State id="fullDuplex">
				<ValueType>Boolean</ValueType>
				<TriggerLabel>Full Duplex</TriggerLabel>
				<ControlPageLabel>Full Duplex</ControlPageLabel>
			</State>
			
			<!-- PoE -->
			<State id="poeCapable">
				<ValueType>Boolean</ValueType>
				<TriggerLabel>PoE Capable</TriggerLabel>
				<ControlPageLabel>PoE Capable</ControlPageLabel>
			</State>
			<State id="poeEnable">
				<ValueType>Boolean</ValueType>
				<TriggerLabel>PoE Enabled</TriggerLabel>
				<ControlPageLabel>PoE Enabled</ControlPageLabel>
			</State>
			<State id="poeEnabled">
				<ValueType>Boolean</ValueType>
				<TriggerLabel>PoE On</TriggerLabel>
				<ControlPageLabel>PoE On</ControlPageLabel>
			</State>
			<State id="poeMode">
				<ValueType>String</ValueType>
				<TriggerLabel>PoE Mode</TriggerLabel>
				<ControlPageLabel>PoE Mode</ControlPageLabel>
			</State>
			<State id="poePower">
				<ValueType>Number</ValueType>
				<TriggerLabel>PoE Power</TriggerLabel>
				<ControlPageLabel>PoE Power (W)</ControlPageLabel>
			</State>
			<State id="poeVoltage">
				<ValueType>Number</ValueType>
				<TriggerLabel>PoE Voltage</TriggerLabel>
				<ControlPageLabel>PoE Voltage (V)</ControlPageLabel>
			</State>
			<State id="poeCurrent">
				<ValueType>Number</ValueType>
				<TriggerLabel>PoE Current</TriggerLabel>
				<ControlPageLabel>PoE Current (mA)</ControlPageLabel>
			</State>
			
			<!-- Connected device -->
			<State id="hasClient">
				<ValueType>Boolean</ValueType>
				<TriggerLabel>Device Connected</TriggerLabel>
				<ControlPageLabel>Device Connected</ControlPageLabel>
			</State>
			<State id="clientMac">
				<ValueType>String</ValueType>
				<TriggerLabel>Client MAC</TriggerLabel>
				<ControlPageLabel>Client MAC</ControlPageLabel>
			</State>
			<State id="clientName">
				<ValueType>String</ValueType>
				<TriggerLabel>Client Name</TriggerLabel>
				<ControlPageLabel>Client Name</ControlPageLabel>
			</State>
			
			<!-- Traffic stats -->
			<State id="rxBytes">
				<ValueType>Number</ValueType>
				<TriggerLabel>RX Bytes</TriggerLabel>
				<ControlPageLabel>RX Bytes</ControlPageLabel>
			</State>
			<State id="txBytes">
				<ValueType>Number</ValueType>
				<TriggerLabel>TX Bytes</TriggerLabel>
				<ControlPageLabel>TX Bytes</ControlPageLabel>
			</State>
			<State id="rxPackets">
				<ValueType>Number</ValueType>
				<TriggerLabel>RX Packets</TriggerLabel>
				<ControlPageLabel>RX Packets</ControlPageLabel>
			</State>
			<State id="txPackets">
				<ValueType>Number</ValueType>
				<TriggerLabel>TX Packets</TriggerLabel>
				<ControlPageLabel>TX Packets</ControlPageLabel>
		</State>
		</States>
		<UiDisplayStateId>portName</UiDisplayStateId>
	</Device>

	<!-- UNIFI CLIENT DEVICE -->
	<Device type="custom" id="clientDevice">
		<Name>UniFi Client</Name>
		<ConfigUI>
			<Field id="controllerId" type="menu">
				<Label>UniFi Controller:</Label>
				<List class="self" method="getControllerList"/>
			</Field>
			<Field id="clientMac" type="textfield">
				<Label>Client MAC Address:</Label>
			</Field>
			
			<Field id="separator1" type="separator"/>
			<Field id="label1" type="label">
				<Label>═══ PoE Control Options ═══</Label>
			</Field>
			
			<Field id="controlMode" type="menu" defaultValue="poe">
				<Label>Control Mode:</Label>
				<List>
					<Option value="poe">PoE Control (On/Off toggles PoE)</Option>
					<Option value="reboot">PoE Reboot (Off button power cycles port)</Option>
				</List>
			</Field>
			
			<Field id="helpText" type="label" fontSize="small" fontColor="darkgray">
				<Label>PoE control only works when client is connected via a PoE-capable wired port. If client is on WiFi or non-PoE port, control attempts will log a warning.</Label>
			</Field>
			
			<Field id="separator2" type="separator"/>
			<Field id="label2" type="label">
				<Label>═══ Display Options ═══</Label>
			</Field>
			
			<Field id="displayState" type="menu" defaultValue="status">
				<Label>State Column Display:</Label>
				<List>
					<Option value="status">Connection Status (online/offline)</Option>
					<Option value="clientName">Client Name</Option>
					<Option value="ipAddress">IP Address</Option>
					<Option value="connectionType">Connection Type (wired/wireless)</Option>
					<Option value="lastSeenAge">Last Seen (time ago)</Option>
					<Option value="switchPort">Switch Port (wired only)</Option>
					<Option value="apName">AP Name (wireless only)</Option>
					<Option value="ssid">SSID (wireless only)</Option>
				</List>
			</Field>
		</ConfigUI>
		<States>
			<!-- Dynamic display state - updated based on displayState config -->
			<State id="display">
				<ValueType>String</ValueType>
				<TriggerLabel>Display</TriggerLabel>
				<ControlPageLabel>Display</ControlPageLabel>
			</State>
			
			<!-- Primary display state -->
			<State id="status">
				<ValueType>String</ValueType>
				<TriggerLabel>Status</TriggerLabel>
				<ControlPageLabel>Status</ControlPageLabel>
			</State>
			
			<!-- On/Off state for control -->
			<State id="onOffState">
				<ValueType>Boolean</ValueType>
				<TriggerLabel>On/Off State</TriggerLabel>
				<ControlPageLabel>On/Off</ControlPageLabel>
			</State>
			
			<!-- Identity -->
			<State id="clientName">
				<ValueType>String</ValueType>
				<TriggerLabel>Client Name</TriggerLabel>
				<ControlPageLabel>Client Name</ControlPageLabel>
			</State>
			<State id="macAddress">
				<ValueType>String</ValueType>
				<TriggerLabel>MAC Address</TriggerLabel>
				<ControlPageLabel>MAC Address</ControlPageLabel>
			</State>
			<State id="ipAddress">
				<ValueType>String</ValueType>
				<TriggerLabel>IP Address</TriggerLabel>
				<ControlPageLabel>IP Address</ControlPageLabel>
			</State>
			<State id="hostname">
				<ValueType>String</ValueType>
				<TriggerLabel>Hostname</TriggerLabel>
				<ControlPageLabel>Hostname</ControlPageLabel>
			</State>
			
			<!-- Connection -->
			<State id="isConnected">
				<ValueType>Boolean</ValueType>
				<TriggerLabel>Is Connected</TriggerLabel>
				<ControlPageLabel>Is Connected</ControlPageLabel>
			</State>
			<State id="connectionType">
				<ValueType>String</ValueType>
				<TriggerLabel>Connection Type</TriggerLabel>
				<ControlPageLabel>Connection Type</ControlPageLabel>
			</State>
			<State id="connectedSince">
				<ValueType>String</ValueType>
				<TriggerLabel>Connected Since</TriggerLabel>
				<ControlPageLabel>Connected Since</ControlPageLabel>
			</State>
			<State id="lastSeenAge">
				<ValueType>String</ValueType>
				<TriggerLabel>Last Seen</TriggerLabel>
				<ControlPageLabel>Last Seen</ControlPageLabel>
			</State>
			<State id="isHome">
				<ValueType>Boolean</ValueType>
				<TriggerLabel>Is Home</TriggerLabel>
				<ControlPageLabel>Is Home</ControlPageLabel>
			</State>
			
			<!-- Wired connection details -->
			<State id="switchName">
				<ValueType>String</ValueType>
				<TriggerLabel>Switch Name</TriggerLabel>
				<ControlPageLabel>Switch Name</ControlPageLabel>
			</State>
			<State id="switchMac">
				<ValueType>String</ValueType>
				<TriggerLabel>Switch MAC</TriggerLabel>
				<ControlPageLabel>Switch MAC</ControlPageLabel>
			</State>
			<State id="switchPort">
				<ValueType>String</ValueType>
				<TriggerLabel>Switch Port</TriggerLabel>
				<ControlPageLabel>Switch Port</ControlPageLabel>
			</State>
			<State id="portNumber">
				<ValueType>Number</ValueType>
				<TriggerLabel>Port Number</TriggerLabel>
				<ControlPageLabel>Port Number</ControlPageLabel>
			</State>
			
			<!-- Wireless connection details -->
			<State id="apName">
				<ValueType>String</ValueType>
				<TriggerLabel>AP Name</TriggerLabel>
				<ControlPageLabel>AP Name</ControlPageLabel>
			</State>
			<State id="apMac">
				<ValueType>String</ValueType>
				<TriggerLabel>AP MAC</TriggerLabel>
				<ControlPageLabel>AP MAC</ControlPageLabel>
			</State>
			<State id="ssid">
				<ValueType>String</ValueType>
				<TriggerLabel>SSID</TriggerLabel>
				<ControlPageLabel>SSID</ControlPageLabel>
			</State>
			<State id="channel">
				<ValueType>Number</ValueType>
				<TriggerLabel>Channel</TriggerLabel>
				<ControlPageLabel>Channel</ControlPageLabel>
			</State>
			<State id="signalStrength">
				<ValueType>Number</ValueType>
				<TriggerLabel>Signal Strength</TriggerLabel>
				<ControlPageLabel>Signal Strength</ControlPageLabel>
			</State>
			<State id="radio">
				<ValueType>String</ValueType>
				<TriggerLabel>Radio</TriggerLabel>
				<ControlPageLabel>Radio</ControlPageLabel>
			</State>
			
			<!-- PoE status -->
			<State id="poeAvailable">
				<ValueType>Boolean</ValueType>
				<TriggerLabel>PoE Available</TriggerLabel>
				<ControlPageLabel>PoE Available</ControlPageLabel>
			</State>
			<State id="poeEnabled">
				<ValueType>Boolean</ValueType>
				<TriggerLabel>PoE Enabled</TriggerLabel>
				<ControlPageLabel>PoE Enabled</ControlPageLabel>
			</State>
			<State id="poePower">
				<ValueType>Number</ValueType>
				<TriggerLabel>PoE Power (W)</TriggerLabel>
				<ControlPageLabel>PoE Power (W)</ControlPageLabel>
			</State>
			
			<!-- Blocking -->
			<State id="isBlocked">
				<ValueType>Boolean</ValueType>
				<TriggerLabel>Is Blocked</TriggerLabel>
				<ControlPageLabel>Is Blocked</ControlPageLabel>
			</State>
			
			<!-- Device info -->
			<State id="deviceType">
				<ValueType>String</ValueType>
				<TriggerLabel>Device Type</TriggerLabel>
				<ControlPageLabel>Device Type</ControlPageLabel>
			</State>
			<State id="manufacturer">
				<ValueType>String</ValueType>
				<TriggerLabel>Manufacturer</TriggerLabel>
				<ControlPageLabel>Manufacturer</ControlPageLabel>
			</State>
			<State id="oui">
				<ValueType>String</ValueType>
				<TriggerLabel>OUI</TriggerLabel>
				<ControlPageLabel>OUI</ControlPageLabel>
			</State>
			
			<!-- Experience & Quality -->
			<State id="experience">
				<ValueType>Number</ValueType>
				<TriggerLabel>Experience Score</TriggerLabel>
				<ControlPageLabel>Experience Score</ControlPageLabel>
			</State>
			
			<!-- Traffic -->
			<State id="rxBytes">
				<ValueType>Number</ValueType>
				<TriggerLabel>RX Bytes</TriggerLabel>
				<ControlPageLabel>RX Bytes</ControlPageLabel>
			</State>
			<State id="txBytes">
				<ValueType>Number</ValueType>
				<TriggerLabel>TX Bytes</TriggerLabel>
				<ControlPageLabel>TX Bytes</ControlPageLabel>
			</State>
			<State id="rxRate">
				<ValueType>Number</ValueType>
				<TriggerLabel>RX Rate (Mbps)</TriggerLabel>
				<ControlPageLabel>RX Rate (Mbps)</ControlPageLabel>
			</State>
			<State id="txRate">
				<ValueType>Number</ValueType>
				<TriggerLabel>TX Rate (Mbps)</TriggerLabel>
				<ControlPageLabel>TX Rate (Mbps)</ControlPageLabel>
			</State>
			<State id="rxPackets">
				<ValueType>Number</ValueType>
				<TriggerLabel>RX Packets</TriggerLabel>
				<ControlPageLabel>RX Packets</ControlPageLabel>
			</State>
			<State id="txPackets">
				<ValueType>Number</ValueType>
				<TriggerLabel>TX Packets</TriggerLabel>
				<ControlPageLabel>TX Packets</ControlPageLabel>
			</State>
		</States>
		<UiDisplayStateId>display</UiDisplayStateId>
		<SupportsOnState>true</SupportsOnState>
	</Device>
</Devices>
