<?xml version="1.0"?>
<Events>
	<!-- CAMERA EVENTS -->
	<Event id="motionDetected">
		<Name>Motion Detected</Name>
		<ConfigUI>
			<Field id="device" type="menu">
				<Label>Camera:</Label>
				<List class="self" filter="" method="getCameraList"/>
			</Field>
		</ConfigUI>
	</Event>

	<Event id="cameraConnected">
		<Name>Camera Connected</Name>
		<ConfigUI>
			<Field id="device" type="menu">
				<Label>Camera:</Label>
				<List class="self" filter="" method="getCameraList"/>
			</Field>
		</ConfigUI>
	</Event>

	<Event id="cameraDisconnected">
		<Name>Camera Disconnected</Name>
		<ConfigUI>
			<Field id="device" type="menu">
				<Label>Camera:</Label>
				<List class="self" filter="" method="getCameraList"/>
			</Field>
		</ConfigUI>
	</Event>

	<!-- NETWORK DEVICE EVENTS -->
	<Event id="deviceOnline">
		<Name>Device Came Online</Name>
		<ConfigUI>
			<Field id="device" type="menu">
				<Label>Device:</Label>
				<List class="self" filter="" method="getNetworkDeviceList"/>
			</Field>
		</ConfigUI>
	</Event>

	<Event id="deviceOffline">
		<Name>Device Went Offline</Name>
		<ConfigUI>
			<Field id="device" type="menu">
				<Label>Device:</Label>
				<List class="self" filter="" method="getNetworkDeviceList"/>
			</Field>
		</ConfigUI>
	</Event>

	<!-- PORT EVENTS -->
	<Event id="portLinkUp">
		<Name>Port Link Up</Name>
		<ConfigUI>
			<Field id="device" type="menu">
				<Label>Port:</Label>
				<List class="self" filter="" method="getPortDeviceList"/>
			</Field>
		</ConfigUI>
	</Event>

	<Event id="portLinkDown">
		<Name>Port Link Down</Name>
		<ConfigUI>
			<Field id="device" type="menu">
				<Label>Port:</Label>
				<List class="self" filter="" method="getPortDeviceList"/>
			</Field>
		</ConfigUI>
	</Event>

	<Event id="portPoeOn">
		<Name>Port PoE Enabled</Name>
		<ConfigUI>
			<Field id="device" type="menu">
				<Label>Port:</Label>
				<List class="self" filter="" method="getPortDeviceList"/>
			</Field>
		</ConfigUI>
	</Event>

	<Event id="portPoeOff">
		<Name>Port PoE Disabled</Name>
		<ConfigUI>
			<Field id="device" type="menu">
				<Label>Port:</Label>
				<List class="self" filter="" method="getPortDeviceList"/>
			</Field>
		</ConfigUI>
	</Event>

	<Event id="portDeviceConnected">
		<Name>Device Connected to Port</Name>
		<ConfigUI>
			<Field id="device" type="menu">
				<Label>Port:</Label>
				<List class="self" filter="" method="getPortDeviceList"/>
			</Field>
		</ConfigUI>
	</Event>

	<Event id="portDeviceDisconnected">
		<Name>Device Disconnected from Port</Name>
		<ConfigUI>
			<Field id="device" type="menu">
				<Label>Port:</Label>
				<List class="self" filter="" method="getPortDeviceList"/>
			</Field>
		</ConfigUI>
	</Event>

	<!-- CLIENT EVENTS -->
	<Event id="clientConnected">
		<n>Client Connected</n>
		<ConfigUI>
			<Field id="device" type="menu">
				<Label>Client:</Label>
				<List class="self" filter="" method="getClientList"/>
			</Field>
		</ConfigUI>
	</Event>

	<Event id="clientDisconnected">
		<n>Client Disconnected</n>
		<ConfigUI>
			<Field id="device" type="menu">
				<Label>Client:</Label>
				<List class="self" filter="" method="getClientList"/>
			</Field>
		</ConfigUI>
	</Event>

	<Event id="clientBlocked">
		<n>Client Blocked</n>
		<ConfigUI>
			<Field id="device" type="menu">
				<Label>Client:</Label>
				<List class="self" filter="" method="getClientList"/>
			</Field>
		</ConfigUI>
	</Event>

	<Event id="clientUnblocked">
		<n>Client Unblocked</n>
		<ConfigUI>
			<Field id="device" type="menu">
				<Label>Client:</Label>
				<List class="self" filter="" method="getClientList"/>
			</Field>
		</ConfigUI>
	</Event>

	<Event id="clientRoamed">
		<n>Client Roamed</n>
		<ConfigUI>
			<Field id="device" type="menu">
				<Label>Client:</Label>
				<List class="self" filter="" method="getClientList"/>
			</Field>
			<Field id="helpText" type="label" fontSize="small" fontColor="darkgray">
				<Label>Fires when client switches between WiFi and wired connection</Label>
			</Field>
		</ConfigUI>
	</Event>
</Events>
